month,revenue_eur,shipments_processed,avg_revenue_per_shipment_eur,market
2016-01-01,760457.01,54867,13.86,consolidated
2016-01-01,299548.32,21612,13.8603,spain
2016-01-01,460908.69,33255,13.8598,us
2016-02-01,664686.4,46352,14.34,consolidated
2016-02-01,279699.83,19505,14.3399,spain
2016-02-01,384986.57,26847,14.34,us
2016-03-01,767735.34,49788,15.42,consolidated
2016-03-01,295571.18,19168,15.42,spain
2016-03-01,472164.16,30620,15.4201,us
2016-04-01,779413.47,55633,14.01,consolidated
2016-04-01,297103.61,21207,14.0097,spain
2016-04-01,482309.86,34426,14.01,us
2016-05-01,744144.14,53651,13.87,consolidated
2016-05-01,326694.68,23554,13.87,spain
2016-05-01,417449.46,30097,13.8701,us
2016-06-01,728897.85,48561,15.01,consolidated
2016-06-01,310542.26,20689,15.01,spain
2016-06-01,418355.59,27872,15.0099,us
2016-07-01,714490.2,50034,14.28,consolidated
2016-07-01,283969.27,19886,14.2799,spain
2016-07-01,430520.93,30148,14.2802,us
2016-08-01,761241.33,50380,15.11,consolidated
2016-08-01,309311.27,20471,15.1097,spain
2016-08-01,451930.06,29909,15.1102,us
2016-09-01,729033.05,47931,15.21,consolidated
2016-09-01,291858.19,19189,15.2097,spain
2016-09-01,437174.86,28742,15.2103,us
2016-10-01,773207.28,55948,13.82,consolidated
2016-10-01,322474.51,23334,13.8199,spain
2016-10-01,450732.77,32614,13.8202,us
2016-11-01,997936.44,64466,15.48,consolidated
2016-11-01,381622.91,24653,15.4798,spain
2016-11-01,616313.53,39813,15.4802,us
2016-12-01,963018.79,67962,14.17,consolidated
2016-12-01,370226.95,26128,14.1697,spain
2016-12-01,592791.84,41834,14.1701,us
2017-01-01,854877.17,58513,14.61,consolidated
2017-01-01,340821.91,23328,14.61,spain
2017-01-01,514055.26,35185,14.6101,us
2017-02-01,731959.01,52171,14.03,consolidated
2017-02-01,276281.72,19692,14.0302,spain
2017-02-01,455677.29,32479,14.0299,us
2017-03-01,845907.66,55469,15.25,consolidated
2017-03-01,330453.67,21669,15.2501,spain
2017-03-01,515453.99,33800,15.2501,us
2017-04-01,842607.74,54187,15.55,consolidated
2017-04-01,351524.03,22606,15.55,spain
2017-04-01,491083.71,31581,15.55,us
2017-05-01,820461.65,50834,16.14,consolidated
2017-05-01,322133.74,19959,16.1398,spain
2017-05-01,498327.91,30875,16.1402,us
2017-06-01,807570.19,53411,15.12,consolidated
2017-06-01,338515.38,22389,15.1197,spain
2017-06-01,469054.81,31022,15.1201,us
2017-07-01,844428.83,55264,15.28,consolidated
2017-07-01,322935.76,21135,15.2797,spain
2017-07-01,521493.07,34129,15.2801,us
2017-08-01,847069.54,55765,15.19,consolidated
2017-08-01,339673.63,22362,15.1898,spain
2017-08-01,507395.91,33403,15.1901,us
2017-09-01,834223.75,59973,13.91,consolidated
2017-09-01,336773.83,24211,13.91,spain
2017-09-01,497449.92,35762,13.91,us
2017-10-01,795255.68,54883,14.49,consolidated
2017-10-01,328932.53,22701,14.4898,spain
2017-10-01,466323.15,32182,14.4902,us
2017-11-01,1028397.99,71615,14.36,consolidated
2017-11-01,386214.01,26895,14.3601,spain
2017-11-01,642183.98,44720,14.3601,us
2017-12-01,1030131.87,71191,14.47,consolidated
2017-12-01,415236.46,28696,14.4702,spain
2017-12-01,614895.41,42495,14.4698,us
2018-01-01,853449.97,58137,14.68,consolidated
2018-01-01,348691.12,23753,14.6799,spain
2018-01-01,504758.85,34384,14.6801,us
2018-02-01,742237.42,51905,14.3,consolidated
2018-02-01,302122.3,21128,14.2996,spain
2018-02-01,440115.12,30777,14.3001,us
2018-03-01,822403.95,51240,16.05,consolidated
2018-03-01,320206.12,19950,16.0504,spain
2018-03-01,502197.83,31290,16.0498,us
2018-04-01,854489.95,55995,15.26,consolidated
2018-04-01,335550.61,21989,15.2599,spain
2018-04-01,518939.34,34006,15.2602,us
2018-05-01,814334.05,52369,15.55,consolidated
2018-05-01,319011.58,20515,15.5502,spain
2018-05-01,495322.47,31854,15.5498,us
2018-06-01,813682.65,55315,14.71,consolidated
2018-06-01,318462.03,21649,14.7102,spain
2018-06-01,495220.62,33666,14.7098,us
2018-07-01,883244.09,57578,15.34,consolidated
2018-07-01,315465.68,20565,15.3399,spain
2018-07-01,567778.41,37013,15.34,us
2018-08-01,846820.31,54846,15.44,consolidated
2018-08-01,345611.33,22384,15.4401,spain
2018-08-01,501208.98,32462,15.4399,us
2018-09-01,870893.99,55613,15.66,consolidated
2018-09-01,357279.78,22815,15.6599,spain
2018-09-01,513614.21,32798,15.6599,us
2018-10-01,819210.17,59021,13.88,consolidated
2018-10-01,341017.09,24569,13.88,spain
2018-10-01,478193.08,34452,13.88,us
2018-11-01,1079093.19,74729,14.44,consolidated
2018-11-01,418343.29,28971,14.4401,spain
2018-11-01,660749.9,45758,14.4401,us
2018-12-01,1070296.53,66644,16.06,consolidated
2018-12-01,403951.91,25153,16.0598,spain
2018-12-01,666344.62,41491,16.06,us
2019-01-01,952350.54,65409,14.56,consolidated
2019-01-01,383110.57,26313,14.5597,spain
2019-01-01,569239.97,39096,14.5601,us
2019-02-01,795948.21,53963,14.75,consolidated
2019-02-01,331753.7,22492,14.7499,spain
2019-02-01,464194.51,31471,14.7499,us
2019-03-01,955854.73,64151,14.9,consolidated
2019-03-01,398103.58,26718,14.9002,spain
2019-03-01,557751.15,37433,14.9,us
2019-04-01,896227.78,62281,14.39,consolidated
2019-04-01,346829.53,24102,14.3901,spain
2019-04-01,549398.25,38179,14.3901,us
2019-05-01,923439.66,63994,14.43,consolidated
2019-05-01,355648.86,24646,14.4303,spain
2019-05-01,567790.8,39348,14.43,us
2019-06-01,925570.61,58030,15.95,consolidated
2019-06-01,360173.69,22582,15.9496,spain
2019-06-01,565396.92,35448,15.95,us
2019-07-01,908574.16,63404,14.33,consolidated
2019-07-01,375522.96,26206,14.3297,spain
2019-07-01,533051.2,37198,14.3301,us
2019-08-01,963471.61,64146,15.02,consolidated
2019-08-01,380915.03,25361,15.0197,spain
2019-08-01,582556.58,38785,15.0202,us
2019-09-01,880260.62,63283,13.91,consolidated
2019-09-01,350049.97,25166,13.9096,spain
2019-09-01,530210.65,38117,13.9101,us
2019-10-01,881980.56,57608,15.31,consolidated
2019-10-01,348934.64,22791,15.3102,spain
2019-10-01,533045.92,34817,15.3099,us
2019-11-01,1219956.68,82374,14.81,consolidated
2019-11-01,466720.56,31514,14.8099,spain
2019-11-01,753236.12,50860,14.81,us
2019-12-01,1153089.68,78335,14.72,consolidated
2019-12-01,456079.36,30984,14.7198,spain
2019-12-01,697010.32,47351,14.7201,us
2020-01-01,992241.88,65842,15.07,consolidated
2020-01-01,383423.82,25443,15.0699,spain
2020-01-01,608818.06,40399,15.0701,us
2020-02-01,804907.29,50719,15.87,consolidated
2020-02-01,320875.02,20219,15.87,spain
2020-02-01,484032.27,30500,15.8699,us
2020-03-01,899159.74,57898,15.53,consolidated
2020-03-01,354464.61,22824,15.5303,spain
2020-03-01,544695.13,35074,15.5299,us
2020-04-01,962519.3,63785,15.09,consolidated
2020-04-01,372855.18,24709,15.0899,spain
2020-04-01,589664.12,39076,15.0902,us
2020-05-01,923298.49,60189,15.34,consolidated
2020-05-01,396227.19,25830,15.3398,spain
2020-05-01,527071.3,34359,15.3401,us
2020-06-01,908619.88,61228,14.84,consolidated
2020-06-01,369257.14,24883,14.8397,spain
2020-06-01,539362.74,36345,14.8401,us
2020-07-01,940966.78,58481,16.09,consolidated
2020-07-01,385238.81,23943,16.0898,spain
2020-07-01,555727.97,34538,16.0903,us
2020-08-01,980872.4,67975,14.43,consolidated
2020-08-01,404882.11,28059,14.4297,spain
2020-08-01,575990.29,39916,14.4301,us
2020-09-01,945396.88,66437,14.23,consolidated
2020-09-01,383361.12,26940,14.2302,spain
2020-09-01,562035.76,39497,14.2298,us
2020-10-01,984348.89,61948,15.89,consolidated
2020-10-01,364308.68,22927,15.8899,spain
2020-10-01,620040.21,39021,15.8899,us
2020-11-01,1209890.06,78923,15.33,consolidated
2020-11-01,504907.23,32936,15.3299,spain
2020-11-01,704982.83,45987,15.33,us
2020-12-01,1239245.31,87456,14.17,consolidated
2020-12-01,471699.44,33289,14.1698,spain
2020-12-01,767545.87,54167,14.17,us
2021-01-01,1057471.9,70078,15.09,consolidated
2021-01-01,458580.51,30390,15.0898,spain
2021-01-01,598891.39,39688,15.09,us
2021-02-01,887264.28,58876,15.07,consolidated
2021-02-01,360848.34,23945,15.0699,spain
2021-02-01,526415.94,34931,15.0702,us
2021-03-01,978960.02,67144,14.58,consolidated
2021-03-01,388397.43,26639,14.58,spain
2021-03-01,590562.59,40505,14.58,us
2021-04-01,980908.02,61192,16.03,consolidated
2021-04-01,380862.6,23759,16.0302,spain
2021-04-01,600045.42,37433,16.0299,us
2021-05-01,1069446.54,67686,15.8,consolidated
2021-05-01,412566.24,26112,15.7999,spain
2021-05-01,656880.3,41574,15.8003,us
2021-06-01,1010588.03,72496,13.94,consolidated
2021-06-01,388200.27,27848,13.94,spain
2021-06-01,622387.76,44648,13.9399,us
2021-07-01,1069373.15,66545,16.07,consolidated
2021-07-01,435207.6,27082,16.07,spain
2021-07-01,634165.55,39463,16.0699,us
2021-08-01,987727.01,65980,14.97,consolidated
2021-08-01,404224.35,27002,14.9702,spain
2021-08-01,583502.66,38978,14.9701,us
2021-09-01,986032.9,63086,15.63,consolidated
2021-09-01,377493.31,24152,15.6299,spain
2021-09-01,608539.59,38934,15.63,us
2021-10-01,1057814.37,74969,14.11,consolidated
2021-10-01,427173.04,30274,14.1102,spain
2021-10-01,630641.33,44695,14.1099,us
2021-11-01,1337001.9,88426,15.12,consolidated
2021-11-01,568912.66,37626,15.1202,spain
2021-11-01,768089.24,50800,15.1199,us
2021-12-01,1315339.77,82778,15.89,consolidated
2021-12-01,555949.06,34987,15.8902,spain
2021-12-01,759390.71,47791,15.8898,us
2022-01-01,1053177.23,73597,14.31,consolidated
2022-01-01,440637.82,30792,14.3101,spain
2022-01-01,612539.41,42805,14.31,us
2022-02-01,926582.69,59587,15.55,consolidated
2022-02-01,361419.87,23242,15.5503,spain
2022-02-01,565162.82,36345,15.5499,us
2022-03-01,1029616.99,70764,14.55,consolidated
2022-03-01,408913.92,28104,14.55,spain
2022-03-01,620703.07,42660,14.55,us
2022-04-01,1113886.79,72519,15.36,consolidated
2022-04-01,430172.27,28006,15.36,spain
2022-04-01,683714.52,44513,15.3599,us
2022-05-01,1054765.21,70131,15.04,consolidated
2022-05-01,430919.11,28652,15.0398,spain
2022-05-01,623846.1,41479,15.04,us
2022-06-01,1021110.72,71207,14.34,consolidated
2022-06-01,405206.56,28257,14.34,spain
2022-06-01,615904.16,42950,14.34,us
2022-07-01,1044150.32,68649,15.21,consolidated
2022-07-01,404595.92,26601,15.2098,spain
2022-07-01,639554.4,42048,15.2101,us
2022-08-01,1032691.0,72065,14.33,consolidated
2022-08-01,419465.59,29272,14.3299,spain
2022-08-01,613225.41,42793,14.33,us
2022-09-01,1015802.87,66349,15.31,consolidated
2022-09-01,397041.28,25933,15.3103,spain
2022-09-01,618761.59,40416,15.3098,us
2022-10-01,1032566.51,64657,15.97,consolidated
2022-10-01,426696.26,26719,15.9698,spain
2022-10-01,605870.25,37938,15.97,us
2022-11-01,1417904.68,101496,13.97,consolidated
2022-11-01,577457.39,41335,13.9702,spain
2022-11-01,840447.29,60161,13.97,us
2022-12-01,1351928.84,87731,15.41,consolidated
2022-12-01,551093.19,35762,15.41,spain
2022-12-01,800835.65,51969,15.4099,us
2023-01-01,1123796.35,79589,14.12,consolidated
2023-01-01,476396.14,33739,14.12,spain
2023-01-01,647400.21,45850,14.12,us
2023-02-01,987056.79,65066,15.17,consolidated
2023-02-01,385209.33,25393,15.1699,spain
2023-02-01,601847.46,39673,15.1702,us
2023-03-01,1153693.44,73577,15.68,consolidated
2023-03-01,472308.3,30122,15.6798,spain
2023-03-01,681385.14,43455,15.6802,us
2023-04-01,1192427.95,83620,14.26,consolidated
2023-04-01,476673.21,33427,14.2601,spain
2023-04-01,715754.74,50193,14.2601,us
2023-05-01,1110225.74,74864,14.83,consolidated
2023-05-01,433415.55,29226,14.8298,spain
2023-05-01,676810.19,45638,14.83,us
2023-06-01,1148014.16,76945,14.92,consolidated
2023-06-01,448953.18,30091,14.9198,spain
2023-06-01,699060.98,46854,14.92,us
2023-07-01,1183355.76,76742,15.42,consolidated
2023-07-01,457594.56,29676,15.4197,spain
2023-07-01,725761.2,47066,15.4201,us
2023-08-01,1212865.9,86386,14.04,consolidated
2023-08-01,487535.35,34725,14.0399,spain
2023-08-01,725330.55,51661,14.0402,us
2023-09-01,1145589.7,78411,14.61,consolidated
2023-09-01,467934.4,32028,14.6102,spain
2023-09-01,677655.3,46383,14.61,us
2023-10-01,1198695.27,83243,14.4,consolidated
2023-10-01,481389.26,33430,14.3999,spain
2023-10-01,717306.01,49813,14.4,us
2023-11-01,1468073.17,98661,14.88,consolidated
2023-11-01,636771.88,42794,14.8799,spain
2023-11-01,831301.29,55867,14.88,us
2023-12-01,1494874.34,103309,14.47,consolidated
2023-12-01,641214.76,44314,14.4698,spain
2023-12-01,853659.58,58995,14.47,us
2024-01-01,1161748.57,72519,16.02,consolidated
2024-01-01,495432.32,30926,16.0199,spain
2024-01-01,666316.25,41593,16.0199,us
2024-02-01,1046003.73,65911,15.87,consolidated
2024-02-01,439263.97,27679,15.8699,spain
2024-02-01,606739.76,38232,15.8699,us
2024-03-01,1197557.22,86031,13.92,consolidated
2024-03-01,469447.84,33725,13.9199,spain
2024-03-01,728109.38,52306,13.9202,us
2024-04-01,1251053.19,79130,15.81,consolidated
2024-04-01,523077.33,33085,15.8101,spain
2024-04-01,727975.86,46045,15.8101,us
2024-05-01,1247444.4,77868,16.02,consolidated
2024-05-01,508412.5,31736,16.0201,spain
2024-05-01,739031.9,46132,16.0199,us
2024-06-01,1233109.87,86839,14.2,consolidated
2024-06-01,461202.12,32479,14.2,spain
2024-06-01,771907.75,54360,14.1999,us
2024-07-01,1189849.71,83148,14.31,consolidated
2024-07-01,484417.9,33852,14.3099,spain
2024-07-01,705431.81,49296,14.3101,us
2024-08-01,1179769.0,84632,13.94,consolidated
2024-08-01,454505.64,32604,13.9402,spain
2024-08-01,725263.36,52028,13.9399,us
2024-09-01,1177139.57,72843,16.16,consolidated
2024-09-01,492835.79,30497,16.1601,spain
2024-09-01,684303.78,42346,16.1598,us
2024-10-01,1163583.17,74208,15.68,consolidated
2024-10-01,470214.14,29988,15.6801,spain
2024-10-01,693369.03,44220,15.68,us
2024-11-01,1543667.82,104161,14.82,consolidated
2024-11-01,646797.5,43644,14.8198,spain
2024-11-01,896870.32,60517,14.8201,us
2024-12-01,1603521.02,99044,16.19,consolidated
2024-12-01,652281.34,40289,16.1901,spain
2024-12-01,951239.68,58755,16.1899,us
2025-01-01,1306044.31,84152,15.52,consolidated
2025-01-01,500468.13,32247,15.5198,spain
2025-01-01,805576.18,51905,15.5202,us
2025-02-01,1158868.49,79867,14.51,consolidated
2025-02-01,503582.14,34706,14.5099,spain
2025-02-01,655286.35,45161,14.51,us
2025-03-01,1359677.14,89511,15.19,consolidated
2025-03-01,532057.34,35027,15.1899,spain
2025-03-01,827619.8,54484,15.1901,us
2025-04-01,1304281.43,83608,15.6,consolidated
2025-04-01,515511.09,33046,15.5998,spain
2025-04-01,788770.34,50562,15.6001,us
2025-05-01,1241285.69,81664,15.2,consolidated
2025-05-01,511264.47,33636,15.1999,spain
2025-05-01,730021.22,48028,15.1999,us
2025-06-01,1299171.32,81967,15.85,consolidated
2025-06-01,557242.07,35157,15.8501,spain
2025-06-01,741929.25,46810,15.8498,us
2025-07-01,1254308.44,77859,16.11,consolidated
2025-07-01,499913.92,31031,16.1101,spain
2025-07-01,754394.52,46828,16.1099,us
2025-08-01,1244265.94,87317,14.25,consolidated
2025-08-01,510882.97,35851,14.2502,spain
2025-08-01,733382.97,51466,14.2499,us
2025-09-01,1311144.28,85029,15.42,consolidated
2025-09-01,518356.27,33616,15.4199,spain
2025-09-01,792788.01,51413,15.42,us
2025-10-01,1264409.36,89738,14.09,consolidated
2025-10-01,505211.14,35856,14.09,spain
2025-10-01,759198.22,53882,14.09,us
2025-11-01,1739132.01,120857,14.39,consolidated
2025-11-01,639938.71,44471,14.39,spain
2025-11-01,1099193.3,76386,14.39,us
2025-12-01,1700717.6,111231,15.29,consolidated
2025-12-01,688428.57,45025,15.2899,spain
2025-12-01,1012289.03,66206,15.29,us
